Views	Protein	Species	E-value	% identity	Align len	Strands	Query ID	Query from	Query to	Target from	Target to	Bitscore	# identical	Positives	Gaps	Query len	Target len
phytozome-next.jgi.doe.gov/report/protein/Athaliana_Araport11/AT1G12820.1	AT1G12820.1	A.thaliana Araport11	0	100	577	+/+	AT1G12820.1	1	577	1	577	1143.64	577	577	0	577	578
phytozome-next.jgi.doe.gov/report/protein/Athaliana_Araport11/AT1G12820.1	AT1G12820.1	A.thaliana Araport11	0	86	577	+/+	AT3G26810.1	1	575	1	577	1014.6	497	537	2	575	578
phytozome-next.jgi.doe.gov/report/protein/Athaliana_Araport11/AT1G12820.1	AT1G12820.1	A.thaliana Araport11	0	60	571	+/+	AT3G62980.1	9	573	4	574	710.294	342	438	6	594	578
phytozome-next.jgi.doe.gov/report/protein/Athaliana_Araport11/AT1G12820.1	AT1G12820.1	A.thaliana Araport11	0	55	571	+/+	AT4G03190.1	5	568	4	574	643.269	315	417	7	585	578
phytozome-next.jgi.doe.gov/report/protein/Athaliana_Araport11/AT1G12820.1	AT1G12820.1	A.thaliana Araport11	0	50	574	+/+	AT4G24390.1	56	623	6	577	550.821	287	380	8	623	578
phytozome-next.jgi.doe.gov/report/protein/Athaliana_Araport11/AT1G12820.1	AT1G12820.1	A.thaliana Araport11	0	51	580	+/+	AT5G49980.1	50	619	4	577	586.645	298	394	16	619	578
phytozome-next.jgi.doe.gov/report/protein/Athaliana_Araport11/AT2G39940.1	AT2G39940.1	A.thaliana Araport11	0	100	592	+/+	AT2G39940.1	1	592	1	592	1188.71	592	592	0	592	593
phytozome-next.jgi.doe.gov/report/protein/Athaliana_Araport11/AT3G26810.1	AT3G26810.1	A.thaliana Araport11	0	86	577	+/+	AT1G12820.1	1	577	1	575	979.548	497	537	2	577	576
phytozome-next.jgi.doe.gov/report/protein/Athaliana_Araport11/AT3G26810.1	AT3G26810.1	A.thaliana Araport11	0	100	575	+/+	AT3G26810.1	1	575	1	575	1165.98	575	575	0	575	576
phytozome-next.jgi.doe.gov/report/protein/Athaliana_Araport11/AT3G26810.1	AT3G26810.1	A.thaliana Araport11	0	61	571	+/+	AT3G62980.1	9	574	4	573	699.893	348	438	6	594	576
phytozome-next.jgi.doe.gov/report/protein/Athaliana_Araport11/AT3G26810.1	AT3G26810.1	A.thaliana Araport11	0	56	573	+/+	AT4G03190.1	5	571	4	575	635.18	319	421	7	585	576
phytozome-next.jgi.doe.gov/report/protein/Athaliana_Araport11/AT3G26810.1	AT3G26810.1	A.thaliana Araport11	0	50	572	+/+	AT4G24390.1	56	623	6	575	539.65	286	377	6	623	576
phytozome-next.jgi.doe.gov/report/protein/Athaliana_Araport11/AT3G26810.1	AT3G26810.1	A.thaliana Araport11	0	52	578	+/+	AT5G49980.1	50	619	4	575	570.852	298	388	14	619	576
phytozome-next.jgi.doe.gov/report/protein/Athaliana_Araport11/AT3G62980.1	AT3G62980.1	A.thaliana Araport11	0	60	571	+/+	AT1G12820.1	4	574	9	573	672.159	341	436	6	577	595
phytozome-next.jgi.doe.gov/report/protein/Athaliana_Araport11/AT3G62980.1	AT3G62980.1	A.thaliana Araport11	0	61	571	+/+	AT3G26810.1	4	573	9	574	699.893	348	438	6	575	595
phytozome-next.jgi.doe.gov/report/protein/Athaliana_Araport11/AT3G62980.1	AT3G62980.1	A.thaliana Araport11	0	100	594	+/+	AT3G62980.1	1	594	1	594	1221.45	594	594	0	594	595
phytozome-next.jgi.doe.gov/report/protein/Athaliana_Araport11/AT3G62980.1	AT3G62980.1	A.thaliana Araport11	0	69	575	+/+	AT4G03190.1	1	574	5	579	786.563	399	474	1	585	595
phytozome-next.jgi.doe.gov/report/protein/Athaliana_Araport11/AT4G03190.1	AT4G03190.1	A.thaliana Araport11	0	55	571	+/+	AT1G12820.1	4	574	5	568	630.943	314	418	7	577	586
phytozome-next.jgi.doe.gov/report/protein/Athaliana_Araport11/AT4G03190.1	AT4G03190.1	A.thaliana Araport11	0	56	573	+/+	AT3G26810.1	4	575	5	571	643.654	319	423	7	575	586
phytozome-next.jgi.doe.gov/report/protein/Athaliana_Araport11/AT4G03190.1	AT4G03190.1	A.thaliana Araport11	0	70	575	+/+	AT3G62980.1	5	579	1	574	833.558	404	480	1	594	586
phytozome-next.jgi.doe.gov/report/protein/Athaliana_Araport11/AT4G03190.1	AT4G03190.1	A.thaliana Araport11	0	100	585	+/+	AT4G03190.1	1	585	1	585	1161.36	585	585	0	585	586
phytozome-next.jgi.doe.gov/report/protein/Athaliana_Araport11/AT4G03190.1	AT4G03190.1	A.thaliana Araport11	0	51	564	+/+	AT5G49980.1	57	616	8	568	555.058	285	382	7	619	586
phytozome-next.jgi.doe.gov/report/protein/Athaliana_Araport11/AT4G24390.1	AT4G24390.1	A.thaliana Araport11	0	100	623	+/+	AT4G24390.1	1	623	1	623	1211.44	623	623	0	623	624
phytozome-next.jgi.doe.gov/report/protein/Athaliana_Araport11/AT4G24390.1	AT4G24390.1	A.thaliana Araport11	0	83	573	+/+	AT5G49980.1	51	619	51	623	993.03	478	518	4	619	624
phytozome-next.jgi.doe.gov/report/protein/Athaliana_Araport11/AT4G24390.2	AT4G24390.2	A.thaliana Araport11	0	100	623	+/+	AT4G24390.1	1	623	1	623	1211.44	623	623	0	623	624
phytozome-next.jgi.doe.gov/report/protein/Athaliana_Araport11/AT4G24390.2	AT4G24390.2	A.thaliana Araport11	0	83	573	+/+	AT5G49980.1	51	619	51	623	993.03	478	518	4	619	624
phytozome-next.jgi.doe.gov/report/protein/Athaliana_Araport11/AT5G49980.1	AT5G49980.1	A.thaliana Araport11	0	78	623	+/+	AT4G24390.1	1	623	1	619	967.222	484	537	4	623	620
phytozome-next.jgi.doe.gov/report/protein/Athaliana_Araport11/AT5G49980.1	AT5G49980.1	A.thaliana Araport11	0	100	619	+/+	AT5G49980.1	1	619	1	619	1176	619	619	0	619	620
phytozome-next.jgi.doe.gov/report/protein/Gmax_Wm82_a4_v1/Glyma.02G065300.1.p	Glyma.02G065300.1.p	G.max Wm82.a4.v1	0	73	577	+/+	AT1G12820.1	1	577	1	573	853.203	423	487	4	577	574
phytozome-next.jgi.doe.gov/report/protein/Gmax_Wm82_a4_v1/Glyma.02G065300.1.p	Glyma.02G065300.1.p	G.max Wm82.a4.v1	0	74	576	+/+	AT3G26810.1	1	575	1	573	862.448	425	494	4	575	574
phytozome-next.jgi.doe.gov/report/protein/Gmax_Wm82_a4_v1/Glyma.02G065300.1.p	Glyma.02G065300.1.p	G.max Wm82.a4.v1	0	60	570	+/+	AT3G62980.1	9	576	4	573	707.597	342	429	2	594	574
phytozome-next.jgi.doe.gov/report/protein/Gmax_Wm82_a4_v1/Glyma.02G065300.1.p	Glyma.02G065300.1.p	G.max Wm82.a4.v1	0	55	570	+/+	AT4G03190.1	5	571	4	573	633.639	316	409	3	585	574
phytozome-next.jgi.doe.gov/report/protein/Gmax_Wm82_a4_v1/Glyma.02G065300.1.p	Glyma.02G065300.1.p	G.max Wm82.a4.v1	0	51	571	+/+	AT4G24390.1	56	623	6	573	534.258	289	371	6	623	574
phytozome-next.jgi.doe.gov/report/protein/Gmax_Wm82_a4_v1/Glyma.02G065300.1.p	Glyma.02G065300.1.p	G.max Wm82.a4.v1	0	51	577	+/+	AT5G49980.1	50	619	4	573	558.525	295	380	14	619	574
phytozome-next.jgi.doe.gov/report/protein/Gmax_Wm82_a4_v1/Glyma.02G152800.2.p	Glyma.02G152800.2.p	G.max Wm82.a4.v1	0	61	571	+/+	AT1G12820.1	4	574	9	573	694.115	346	434	6	577	586
phytozome-next.jgi.doe.gov/report/protein/Gmax_Wm82_a4_v1/Glyma.02G152800.2.p	Glyma.02G152800.2.p	G.max Wm82.a4.v1	0	60	571	+/+	AT3G26810.1	4	573	9	574	692.96	342	437	6	575	586
phytozome-next.jgi.doe.gov/report/protein/Gmax_Wm82_a4_v1/Glyma.02G152800.2.p	Glyma.02G152800.2.p	G.max Wm82.a4.v1	0	80	585	+/+	AT3G62980.1	1	585	1	585	1007.67	468	540	0	594	586
phytozome-next.jgi.doe.gov/report/protein/Gmax_Wm82_a4_v1/Glyma.02G152800.2.p	Glyma.02G152800.2.p	G.max Wm82.a4.v1	0	68	571	+/+	AT4G03190.1	5	574	9	579	797.734	390	476	1	585	586
phytozome-next.jgi.doe.gov/report/protein/Gmax_Wm82_a4_v1/Glyma.02G152800.2.p	Glyma.02G152800.2.p	G.max Wm82.a4.v1	0	48	567	+/+	AT4G24390.1	56	620	11	573	533.487	270	372	6	623	586
phytozome-next.jgi.doe.gov/report/protein/Gmax_Wm82_a4_v1/Glyma.02G152800.2.p	Glyma.02G152800.2.p	G.max Wm82.a4.v1	0	51	575	+/+	AT5G49980.1	47	616	6	573	571.622	291	387	12	619	586
phytozome-next.jgi.doe.gov/report/protein/Gmax_Wm82_a4_v1/Glyma.02G152800.3.p	Glyma.02G152800.3.p	G.max Wm82.a4.v1	0	80	432	+/+	AT3G62980.1	154	585	2	433	736.102	345	397	0	594	434
phytozome-next.jgi.doe.gov/report/protein/Gmax_Wm82_a4_v1/Glyma.02G211800.1.p	Glyma.02G211800.1.p	G.max Wm82.a4.v1	0	68	579	+/+	AT4G24390.1	49	623	55	629	788.875	394	469	8	623	631
phytozome-next.jgi.doe.gov/report/protein/Gmax_Wm82_a4_v1/Glyma.02G211800.1.p	Glyma.02G211800.1.p	G.max Wm82.a4.v1	0	73	574	+/+	AT5G49980.1	50	619	56	629	859.366	418	492	4	619	631
phytozome-next.jgi.doe.gov/report/protein/Gmax_Wm82_a4_v1/Glyma.02G254300.1.p	Glyma.02G254300.1.p	G.max Wm82.a4.v1	0	70	569	+/+	AT2G39940.1	18	585	8	573	788.875	400	469	4	592	585
phytozome-next.jgi.doe.gov/report/protein/Gmax_Wm82_a4_v1/Glyma.03G209400.1.p	Glyma.03G209400.1.p	G.max Wm82.a4.v1	0	61	571	+/+	AT1G12820.1	4	574	10	574	692.189	347	437	6	577	587
phytozome-next.jgi.doe.gov/report/protein/Gmax_Wm82_a4_v1/Glyma.03G209400.1.p	Glyma.03G209400.1.p	G.max Wm82.a4.v1	0	61	573	+/+	AT3G26810.1	4	575	10	577	694.886	347	436	6	575	587
phytozome-next.jgi.doe.gov/report/protein/Gmax_Wm82_a4_v1/Glyma.03G209400.1.p	Glyma.03G209400.1.p	G.max Wm82.a4.v1	0	79	585	+/+	AT3G62980.1	1	584	1	585	980.704	462	527	1	594	587
phytozome-next.jgi.doe.gov/report/protein/Gmax_Wm82_a4_v1/Glyma.03G209400.1.p	Glyma.03G209400.1.p	G.max Wm82.a4.v1	0	67	571	+/+	AT4G03190.1	5	574	10	580	770	382	456	1	585	587
phytozome-next.jgi.doe.gov/report/protein/Gmax_Wm82_a4_v1/Glyma.03G209400.1.p	Glyma.03G209400.1.p	G.max Wm82.a4.v1	0	51	565	+/+	AT5G49980.1	56	616	12	574	563.533	288	376	6	619	587
phytozome-next.jgi.doe.gov/report/protein/Gmax_Wm82_a4_v1/Glyma.04G093500.1.p	Glyma.04G093500.1.p	G.max Wm82.a4.v1	0	65	580	+/+	AT4G24390.1	49	623	12	582	759.985	378	450	14	623	584
phytozome-next.jgi.doe.gov/report/protein/Gmax_Wm82_a4_v1/Glyma.04G093500.1.p	Glyma.04G093500.1.p	G.max Wm82.a4.v1	0	69	575	+/+	AT5G49980.1	50	619	13	582	817.379	394	477	10	619	584
phytozome-next.jgi.doe.gov/report/protein/Gmax_Wm82_a4_v1/Glyma.06G095400.1.p	Glyma.06G095400.1.p	G.max Wm82.a4.v1	0	64	585	+/+	AT4G24390.1	44	623	11	586	766.148	377	455	14	623	588
phytozome-next.jgi.doe.gov/report/protein/Gmax_Wm82_a4_v1/Glyma.06G095400.1.p	Glyma.06G095400.1.p	G.max Wm82.a4.v1	0	68	575	+/+	AT5G49980.1	50	619	17	586	816.994	390	477	10	619	588
phytozome-next.jgi.doe.gov/report/protein/Gmax_Wm82_a4_v1/Glyma.07G189800.5.p	Glyma.07G189800.5.p	G.max Wm82.a4.v1	0	53	580	+/+	AT1G12820.1	4	577	16	578	614.379	305	402	23	577	579
phytozome-next.jgi.doe.gov/report/protein/Gmax_Wm82_a4_v1/Glyma.07G189800.5.p	Glyma.07G189800.5.p	G.max Wm82.a4.v1	0	53	573	+/+	AT3G26810.1	4	575	16	578	610.527	304	402	11	575	579
phytozome-next.jgi.doe.gov/report/protein/Gmax_Wm82_a4_v1/Glyma.07G189800.5.p	Glyma.07G189800.5.p	G.max Wm82.a4.v1	0	56	566	+/+	AT3G62980.1	8	573	15	575	658.292	315	402	5	594	579
phytozome-next.jgi.doe.gov/report/protein/Gmax_Wm82_a4_v1/Glyma.07G189800.5.p	Glyma.07G189800.5.p	G.max Wm82.a4.v1	0	52	567	+/+	AT4G03190.1	5	571	16	578	590.882	295	389	4	585	579
phytozome-next.jgi.doe.gov/report/protein/Gmax_Wm82_a4_v1/Glyma.07G189800.5.p	Glyma.07G189800.5.p	G.max Wm82.a4.v1	0	47	571	+/+	AT4G24390.1	56	623	18	578	538.11	271	369	13	623	579
phytozome-next.jgi.doe.gov/report/protein/Gmax_Wm82_a4_v1/Glyma.07G189800.5.p	Glyma.07G189800.5.p	G.max Wm82.a4.v1	0	48	575	+/+	AT5G49980.1	46	619	12	578	555.444	278	385	9	619	579
phytozome-next.jgi.doe.gov/report/protein/Gmax_Wm82_a4_v1/Glyma.08G059500.1.p	Glyma.08G059500.1.p	G.max Wm82.a4.v1	0	55	566	+/+	AT3G62980.1	8	573	16	576	654.44	313	400	5	594	580
phytozome-next.jgi.doe.gov/report/protein/Gmax_Wm82_a4_v1/Glyma.08G059500.1.p	Glyma.08G059500.1.p	G.max Wm82.a4.v1	0	48	571	+/+	AT4G24390.1	56	623	19	579	538.495	272	368	13	623	580
phytozome-next.jgi.doe.gov/report/protein/Gmax_Wm82_a4_v1/Glyma.08G059500.1.p	Glyma.08G059500.1.p	G.max Wm82.a4.v1	0	48	574	+/+	AT5G49980.1	47	619	14	579	554.288	277	382	9	619	580
phytozome-next.jgi.doe.gov/report/protein/Gmax_Wm82_a4_v1/Glyma.08G059500.2.p	Glyma.08G059500.2.p	G.max Wm82.a4.v1	0	55	566	+/+	AT3G62980.1	8	573	16	576	654.44	313	400	5	594	580
phytozome-next.jgi.doe.gov/report/protein/Gmax_Wm82_a4_v1/Glyma.08G059500.2.p	Glyma.08G059500.2.p	G.max Wm82.a4.v1	0	48	571	+/+	AT4G24390.1	56	623	19	579	538.495	272	368	13	623	580
phytozome-next.jgi.doe.gov/report/protein/Gmax_Wm82_a4_v1/Glyma.08G059500.2.p	Glyma.08G059500.2.p	G.max Wm82.a4.v1	0	48	574	+/+	AT5G49980.1	47	619	14	579	554.288	277	382	9	619	580
phytozome-next.jgi.doe.gov/report/protein/Gmax_Wm82_a4_v1/Glyma.08G059500.6.p	Glyma.08G059500.6.p	G.max Wm82.a4.v1	0	52	580	+/+	AT1G12820.1	4	577	17	579	612.838	304	401	23	577	580
phytozome-next.jgi.doe.gov/report/protein/Gmax_Wm82_a4_v1/Glyma.08G059500.6.p	Glyma.08G059500.6.p	G.max Wm82.a4.v1	0	55	566	+/+	AT3G62980.1	8	573	16	576	654.44	313	400	5	594	580
phytozome-next.jgi.doe.gov/report/protein/Gmax_Wm82_a4_v1/Glyma.08G059500.6.p	Glyma.08G059500.6.p	G.max Wm82.a4.v1	0	51	567	+/+	AT4G03190.1	5	571	17	579	587.415	291	388	4	585	580
phytozome-next.jgi.doe.gov/report/protein/Gmax_Wm82_a4_v1/Glyma.08G059500.6.p	Glyma.08G059500.6.p	G.max Wm82.a4.v1	0	48	571	+/+	AT4G24390.1	56	623	19	579	538.495	272	368	13	623	580
phytozome-next.jgi.doe.gov/report/protein/Gmax_Wm82_a4_v1/Glyma.08G059500.6.p	Glyma.08G059500.6.p	G.max Wm82.a4.v1	0	48	574	+/+	AT5G49980.1	47	619	14	579	554.288	277	382	9	619	580
phytozome-next.jgi.doe.gov/report/protein/Gmax_Wm82_a4_v1/Glyma.08G059500.7.p	Glyma.08G059500.7.p	G.max Wm82.a4.v1	0	55	566	+/+	AT3G62980.1	8	573	16	576	654.44	313	400	5	594	580
phytozome-next.jgi.doe.gov/report/protein/Gmax_Wm82_a4_v1/Glyma.08G059500.7.p	Glyma.08G059500.7.p	G.max Wm82.a4.v1	0	51	567	+/+	AT4G03190.1	5	571	17	579	587.415	291	388	4	585	580
phytozome-next.jgi.doe.gov/report/protein/Gmax_Wm82_a4_v1/Glyma.08G059500.7.p	Glyma.08G059500.7.p	G.max Wm82.a4.v1	0	48	571	+/+	AT4G24390.1	56	623	19	579	538.495	272	368	13	623	580
phytozome-next.jgi.doe.gov/report/protein/Gmax_Wm82_a4_v1/Glyma.08G059500.7.p	Glyma.08G059500.7.p	G.max Wm82.a4.v1	0	48	574	+/+	AT5G49980.1	47	619	14	579	554.288	277	382	9	619	580
phytozome-next.jgi.doe.gov/report/protein/Gmax_Wm82_a4_v1/Glyma.08G059500.8.p	Glyma.08G059500.8.p	G.max Wm82.a4.v1	0	52	580	+/+	AT1G12820.1	4	577	17	579	612.838	304	401	23	577	580
phytozome-next.jgi.doe.gov/report/protein/Gmax_Wm82_a4_v1/Glyma.08G059500.8.p	Glyma.08G059500.8.p	G.max Wm82.a4.v1	0	55	566	+/+	AT3G62980.1	8	573	16	576	654.44	313	400	5	594	580
phytozome-next.jgi.doe.gov/report/protein/Gmax_Wm82_a4_v1/Glyma.08G059500.8.p	Glyma.08G059500.8.p	G.max Wm82.a4.v1	0	51	567	+/+	AT4G03190.1	5	571	17	579	587.415	291	388	4	585	580
phytozome-next.jgi.doe.gov/report/protein/Gmax_Wm82_a4_v1/Glyma.08G059500.8.p	Glyma.08G059500.8.p	G.max Wm82.a4.v1	0	48	571	+/+	AT4G24390.1	56	623	19	579	538.495	272	368	13	623	580
phytozome-next.jgi.doe.gov/report/protein/Gmax_Wm82_a4_v1/Glyma.08G059500.8.p	Glyma.08G059500.8.p	G.max Wm82.a4.v1	0	48	574	+/+	AT5G49980.1	47	619	14	579	554.288	277	382	9	619	580
phytozome-next.jgi.doe.gov/report/protein/Gmax_Wm82_a4_v1/Glyma.10G021500.2.p	Glyma.10G021500.2.p	G.max Wm82.a4.v1	0	61	575	+/+	AT1G12820.1	1	574	5	573	700.664	350	438	7	577	586
phytozome-next.jgi.doe.gov/report/protein/Gmax_Wm82_a4_v1/Glyma.10G021500.2.p	Glyma.10G021500.2.p	G.max Wm82.a4.v1	0	60	575	+/+	AT3G26810.1	1	573	5	574	697.582	346	441	7	575	586
phytozome-next.jgi.doe.gov/report/protein/Gmax_Wm82_a4_v1/Glyma.10G021500.2.p	Glyma.10G021500.2.p	G.max Wm82.a4.v1	0	79	585	+/+	AT3G62980.1	1	585	1	585	1001.5	464	539	0	594	586
phytozome-next.jgi.doe.gov/report/protein/Gmax_Wm82_a4_v1/Glyma.10G021500.2.p	Glyma.10G021500.2.p	G.max Wm82.a4.v1	0	68	571	+/+	AT4G03190.1	5	574	9	579	793.497	387	477	1	585	586
phytozome-next.jgi.doe.gov/report/protein/Gmax_Wm82_a4_v1/Glyma.10G021500.2.p	Glyma.10G021500.2.p	G.max Wm82.a4.v1	0	48	567	+/+	AT4G24390.1	56	620	11	573	540.806	274	373	6	623	586
phytozome-next.jgi.doe.gov/report/protein/Gmax_Wm82_a4_v1/Glyma.10G021500.2.p	Glyma.10G021500.2.p	G.max Wm82.a4.v1	0	51	573	+/+	AT5G49980.1	49	616	8	573	577.785	293	387	12	619	586
phytozome-next.jgi.doe.gov/report/protein/Gmax_Wm82_a4_v1/Glyma.10G021500.5.p	Glyma.10G021500.5.p	G.max Wm82.a4.v1	0	61	575	+/+	AT1G12820.1	1	574	5	573	700.664	350	438	7	577	586
phytozome-next.jgi.doe.gov/report/protein/Gmax_Wm82_a4_v1/Glyma.10G021500.5.p	Glyma.10G021500.5.p	G.max Wm82.a4.v1	0	60	575	+/+	AT3G26810.1	1	573	5	574	697.582	346	441	7	575	586
phytozome-next.jgi.doe.gov/report/protein/Gmax_Wm82_a4_v1/Glyma.10G021500.5.p	Glyma.10G021500.5.p	G.max Wm82.a4.v1	0	79	585	+/+	AT3G62980.1	1	585	1	585	1001.5	464	539	0	594	586
phytozome-next.jgi.doe.gov/report/protein/Gmax_Wm82_a4_v1/Glyma.10G021500.5.p	Glyma.10G021500.5.p	G.max Wm82.a4.v1	0	68	571	+/+	AT4G03190.1	5	574	9	579	793.497	387	477	1	585	586
phytozome-next.jgi.doe.gov/report/protein/Gmax_Wm82_a4_v1/Glyma.10G021500.5.p	Glyma.10G021500.5.p	G.max Wm82.a4.v1	0	48	567	+/+	AT4G24390.1	56	620	11	573	540.806	274	373	6	623	586
phytozome-next.jgi.doe.gov/report/protein/Gmax_Wm82_a4_v1/Glyma.10G021500.5.p	Glyma.10G021500.5.p	G.max Wm82.a4.v1	0	51	573	+/+	AT5G49980.1	49	616	8	573	577.785	293	387	12	619	586
phytozome-next.jgi.doe.gov/report/protein/Gmax_Wm82_a4_v1/Glyma.10G021500.6.p	Glyma.10G021500.6.p	G.max Wm82.a4.v1	0	61	575	+/+	AT1G12820.1	1	574	5	573	700.664	350	438	7	577	586
phytozome-next.jgi.doe.gov/report/protein/Gmax_Wm82_a4_v1/Glyma.10G021500.6.p	Glyma.10G021500.6.p	G.max Wm82.a4.v1	0	60	575	+/+	AT3G26810.1	1	573	5	574	697.582	346	441	7	575	586
phytozome-next.jgi.doe.gov/report/protein/Gmax_Wm82_a4_v1/Glyma.10G021500.6.p	Glyma.10G021500.6.p	G.max Wm82.a4.v1	0	79	585	+/+	AT3G62980.1	1	585	1	585	1001.5	464	539	0	594	586
phytozome-next.jgi.doe.gov/report/protein/Gmax_Wm82_a4_v1/Glyma.10G021500.6.p	Glyma.10G021500.6.p	G.max Wm82.a4.v1	0	68	571	+/+	AT4G03190.1	5	574	9	579	793.497	387	477	1	585	586
phytozome-next.jgi.doe.gov/report/protein/Gmax_Wm82_a4_v1/Glyma.10G021500.6.p	Glyma.10G021500.6.p	G.max Wm82.a4.v1	0	48	567	+/+	AT4G24390.1	56	620	11	573	540.806	274	373	6	623	586
phytozome-next.jgi.doe.gov/report/protein/Gmax_Wm82_a4_v1/Glyma.10G021500.6.p	Glyma.10G021500.6.p	G.max Wm82.a4.v1	0	51	573	+/+	AT5G49980.1	49	616	8	573	577.785	293	387	12	619	586
phytozome-next.jgi.doe.gov/report/protein/Gmax_Wm82_a4_v1/Glyma.11G227300.1.p	Glyma.11G227300.1.p	G.max Wm82.a4.v1	0	70	585	+/+	AT2G39940.1	2	585	3	579	828.55	411	480	9	592	591
phytozome-next.jgi.doe.gov/report/protein/Gmax_Wm82_a4_v1/Glyma.14G062100.1.p	Glyma.14G062100.1.p	G.max Wm82.a4.v1	0	70	588	+/+	AT2G39940.1	1	585	1	580	784.637	414	480	11	592	592
phytozome-next.jgi.doe.gov/report/protein/Gmax_Wm82_a4_v1/Glyma.14G179500.1.p	Glyma.14G179500.1.p	G.max Wm82.a4.v1	0	68	586	+/+	AT4G24390.1	49	623	55	639	791.186	397	473	12	623	641
phytozome-next.jgi.doe.gov/report/protein/Gmax_Wm82_a4_v1/Glyma.14G179500.1.p	Glyma.14G179500.1.p	G.max Wm82.a4.v1	0	71	585	+/+	AT5G49980.1	50	619	56	639	845.499	418	497	16	619	641
phytozome-next.jgi.doe.gov/report/protein/Gmax_Wm82_a4_v1/Glyma.16G050500.1.p	Glyma.16G050500.1.p	G.max Wm82.a4.v1	0	75	577	+/+	AT1G12820.1	1	577	2	572	865.914	430	495	6	577	573
phytozome-next.jgi.doe.gov/report/protein/Gmax_Wm82_a4_v1/Glyma.16G050500.1.p	Glyma.16G050500.1.p	G.max Wm82.a4.v1	0	75	575	+/+	AT3G26810.1	1	575	2	572	882.093	433	501	4	575	573
phytozome-next.jgi.doe.gov/report/protein/Gmax_Wm82_a4_v1/Glyma.16G050500.1.p	Glyma.16G050500.1.p	G.max Wm82.a4.v1	0	60	570	+/+	AT3G62980.1	9	576	5	572	702.59	340	436	4	594	573
phytozome-next.jgi.doe.gov/report/protein/Gmax_Wm82_a4_v1/Glyma.16G050500.1.p	Glyma.16G050500.1.p	G.max Wm82.a4.v1	0	57	570	+/+	AT4G03190.1	5	571	5	572	645.966	325	423	5	585	573
phytozome-next.jgi.doe.gov/report/protein/Gmax_Wm82_a4_v1/Glyma.16G050500.1.p	Glyma.16G050500.1.p	G.max Wm82.a4.v1	0	49	569	+/+	AT4G24390.1	56	623	7	572	535.028	280	376	4	623	573
phytozome-next.jgi.doe.gov/report/protein/Gmax_Wm82_a4_v1/Glyma.16G050500.1.p	Glyma.16G050500.1.p	G.max Wm82.a4.v1	0	50	575	+/+	AT5G49980.1	50	619	5	572	565.074	287	389	12	619	573
phytozome-next.jgi.doe.gov/report/protein/Gmax_Wm82_a4_v1/Glyma.16G146400.1.p	Glyma.16G146400.1.p	G.max Wm82.a4.v1	0	68	577	+/+	AT1G12820.1	1	577	1	573	781.171	395	461	4	577	574
phytozome-next.jgi.doe.gov/report/protein/Gmax_Wm82_a4_v1/Glyma.16G146400.1.p	Glyma.16G146400.1.p	G.max Wm82.a4.v1	0	70	576	+/+	AT3G26810.1	1	575	1	573	807.749	406	471	4	575	574
phytozome-next.jgi.doe.gov/report/protein/Gmax_Wm82_a4_v1/Glyma.16G146400.1.p	Glyma.16G146400.1.p	G.max Wm82.a4.v1	0	57	570	+/+	AT3G62980.1	9	576	4	573	662.529	324	421	2	594	574
phytozome-next.jgi.doe.gov/report/protein/Gmax_Wm82_a4_v1/Glyma.16G146400.1.p	Glyma.16G146400.1.p	G.max Wm82.a4.v1	0	53	570	+/+	AT4G03190.1	5	571	4	573	597.045	301	398	3	585	574
phytozome-next.jgi.doe.gov/report/protein/Gmax_Wm82_a4_v1/Glyma.18G030200.1.p	Glyma.18G030200.1.p	G.max Wm82.a4.v1	0	71	571	+/+	AT2G39940.1	16	585	12	579	821.231	406	471	4	592	591
phytozome-next.jgi.doe.gov/report/protein/Gmax_Wm82_a4_v1/Glyma.19G100200.1.p	Glyma.19G100200.1.p	G.max Wm82.a4.v1	0	75	577	+/+	AT1G12820.1	1	577	2	572	871.307	432	494	6	577	573
phytozome-next.jgi.doe.gov/report/protein/Gmax_Wm82_a4_v1/Glyma.19G100200.1.p	Glyma.19G100200.1.p	G.max Wm82.a4.v1	0	76	575	+/+	AT3G26810.1	1	575	2	572	894.034	439	500	4	575	573
phytozome-next.jgi.doe.gov/report/protein/Gmax_Wm82_a4_v1/Glyma.19G100200.1.p	Glyma.19G100200.1.p	G.max Wm82.a4.v1	0	61	570	+/+	AT3G62980.1	9	576	5	572	712.99	346	437	4	594	573
phytozome-next.jgi.doe.gov/report/protein/Gmax_Wm82_a4_v1/Glyma.19G100200.1.p	Glyma.19G100200.1.p	G.max Wm82.a4.v1	0	57	570	+/+	AT4G03190.1	5	571	5	572	652.514	327	421	5	585	573
phytozome-next.jgi.doe.gov/report/protein/Gmax_Wm82_a4_v1/Glyma.19G100200.1.p	Glyma.19G100200.1.p	G.max Wm82.a4.v1	0	50	569	+/+	AT4G24390.1	56	623	7	572	543.888	282	377	4	623	573
phytozome-next.jgi.doe.gov/report/protein/Gmax_Wm82_a4_v1/Glyma.19G100200.1.p	Glyma.19G100200.1.p	G.max Wm82.a4.v1	0	50	575	+/+	AT5G49980.1	50	619	5	572	575.089	290	389	12	619	573
phytozome-next.jgi.doe.gov/report/protein/Gmax_Wm82_a4_v1/Glyma.19G206800.1.p	Glyma.19G206800.1.p	G.max Wm82.a4.v1	0	60	572	+/+	AT1G12820.1	4	574	10	575	684.1	345	437	7	577	588
phytozome-next.jgi.doe.gov/report/protein/Gmax_Wm82_a4_v1/Glyma.19G206800.1.p	Glyma.19G206800.1.p	G.max Wm82.a4.v1	0	60	574	+/+	AT3G26810.1	4	575	10	578	689.878	347	436	7	575	588
phytozome-next.jgi.doe.gov/report/protein/Gmax_Wm82_a4_v1/Glyma.19G206800.1.p	Glyma.19G206800.1.p	G.max Wm82.a4.v1	0	79	580	+/+	AT3G62980.1	6	584	7	586	973.385	458	524	1	594	588
phytozome-next.jgi.doe.gov/report/protein/Gmax_Wm82_a4_v1/Glyma.19G206800.1.p	Glyma.19G206800.1.p	G.max Wm82.a4.v1	0	67	572	+/+	AT4G03190.1	5	574	10	581	767.689	382	458	2	585	588
phytozome-next.jgi.doe.gov/report/protein/Gmax_Wm82_a4_v1/Glyma.19G206800.1.p	Glyma.19G206800.1.p	G.max Wm82.a4.v1	0	51	566	+/+	AT5G49980.1	56	616	12	575	562.377	290	377	7	619	588
phytozome-next.jgi.doe.gov/report/protein/Gsoja_v1_1/GlysoPI483463.02G057900.1.p	GlysoPI483463.02G057900.1.p	G.soja v1.1	0	73	577	+/+	AT1G12820.1	1	577	1	573	853.203	423	487	4	577	574
phytozome-next.jgi.doe.gov/report/protein/Gsoja_v1_1/GlysoPI483463.02G057900.1.p	GlysoPI483463.02G057900.1.p	G.soja v1.1	0	74	576	+/+	AT3G26810.1	1	575	1	573	862.448	425	494	4	575	574
phytozome-next.jgi.doe.gov/report/protein/Gsoja_v1_1/GlysoPI483463.02G057900.1.p	GlysoPI483463.02G057900.1.p	G.soja v1.1	0	60	570	+/+	AT3G62980.1	9	576	4	573	707.597	342	429	2	594	574
phytozome-next.jgi.doe.gov/report/protein/Gsoja_v1_1/GlysoPI483463.02G057900.1.p	GlysoPI483463.02G057900.1.p	G.soja v1.1	0	55	570	+/+	AT4G03190.1	5	571	4	573	633.639	316	409	3	585	574
phytozome-next.jgi.doe.gov/report/protein/Gsoja_v1_1/GlysoPI483463.02G057900.1.p	GlysoPI483463.02G057900.1.p	G.soja v1.1	0	51	571	+/+	AT4G24390.1	56	623	6	573	534.258	289	371	6	623	574
phytozome-next.jgi.doe.gov/report/protein/Gsoja_v1_1/GlysoPI483463.02G057900.1.p	GlysoPI483463.02G057900.1.p	G.soja v1.1	0	51	577	+/+	AT5G49980.1	50	619	4	573	558.525	295	380	14	619	574
phytozome-next.jgi.doe.gov/report/protein/Gsoja_v1_1/GlysoPI483463.02G134400.1.p	GlysoPI483463.02G134400.1.p	G.soja v1.1	0	61	571	+/+	AT1G12820.1	4	574	9	573	694.115	346	434	6	577	586
phytozome-next.jgi.doe.gov/report/protein/Gsoja_v1_1/GlysoPI483463.02G134400.1.p	GlysoPI483463.02G134400.1.p	G.soja v1.1	0	60	571	+/+	AT3G26810.1	4	573	9	574	692.96	342	437	6	575	586
phytozome-next.jgi.doe.gov/report/protein/Gsoja_v1_1/GlysoPI483463.02G134400.1.p	GlysoPI483463.02G134400.1.p	G.soja v1.1	0	80	585	+/+	AT3G62980.1	1	585	1	585	1007.67	468	540	0	594	586
phytozome-next.jgi.doe.gov/report/protein/Gsoja_v1_1/GlysoPI483463.02G134400.1.p	GlysoPI483463.02G134400.1.p	G.soja v1.1	0	68	571	+/+	AT4G03190.1	5	574	9	579	797.734	390	476	1	585	586
phytozome-next.jgi.doe.gov/report/protein/Gsoja_v1_1/GlysoPI483463.02G134400.1.p	GlysoPI483463.02G134400.1.p	G.soja v1.1	0	48	567	+/+	AT4G24390.1	56	620	11	573	533.487	270	372	6	623	586
phytozome-next.jgi.doe.gov/report/protein/Gsoja_v1_1/GlysoPI483463.02G134400.1.p	GlysoPI483463.02G134400.1.p	G.soja v1.1	0	51	575	+/+	AT5G49980.1	47	616	6	573	571.622	291	387	12	619	586
phytozome-next.jgi.doe.gov/report/protein/Gsoja_v1_1/GlysoPI483463.02G175100.1.p	GlysoPI483463.02G175100.1.p	G.soja v1.1	0	68	579	+/+	AT4G24390.1	49	623	55	628	788.875	394	468	9	623	630
phytozome-next.jgi.doe.gov/report/protein/Gsoja_v1_1/GlysoPI483463.02G175100.1.p	GlysoPI483463.02G175100.1.p	G.soja v1.1	0	73	574	+/+	AT5G49980.1	50	619	56	628	854.744	418	491	5	619	630
phytozome-next.jgi.doe.gov/report/protein/Gsoja_v1_1/GlysoPI483463.02G212600.1.p	GlysoPI483463.02G212600.1.p	G.soja v1.1	0	70	569	+/+	AT2G39940.1	18	585	8	573	790.03	401	469	4	592	585
phytozome-next.jgi.doe.gov/report/protein/Gsoja_v1_1/GlysoPI483463.03G169700.1.p	GlysoPI483463.03G169700.1.p	G.soja v1.1	0	61	571	+/+	AT1G12820.1	4	574	10	574	692.189	348	438	6	577	587
phytozome-next.jgi.doe.gov/report/protein/Gsoja_v1_1/GlysoPI483463.03G169700.1.p	GlysoPI483463.03G169700.1.p	G.soja v1.1	0	61	573	+/+	AT3G26810.1	4	575	10	577	697.582	348	437	6	575	587
phytozome-next.jgi.doe.gov/report/protein/Gsoja_v1_1/GlysoPI483463.03G169700.1.p	GlysoPI483463.03G169700.1.p	G.soja v1.1	0	79	585	+/+	AT3G62980.1	1	584	1	585	979.548	462	527	1	594	587
phytozome-next.jgi.doe.gov/report/protein/Gsoja_v1_1/GlysoPI483463.03G169700.1.p	GlysoPI483463.03G169700.1.p	G.soja v1.1	0	67	571	+/+	AT4G03190.1	5	574	10	580	772.696	383	457	1	585	587
phytozome-next.jgi.doe.gov/report/protein/Gsoja_v1_1/GlysoPI483463.03G169700.1.p	GlysoPI483463.03G169700.1.p	G.soja v1.1	0	51	565	+/+	AT5G49980.1	56	616	12	574	563.918	288	376	6	619	587
phytozome-next.jgi.doe.gov/report/protein/Gsoja_v1_1/GlysoPI483463.03G169700.2.p	GlysoPI483463.03G169700.2.p	G.soja v1.1	0	61	571	+/+	AT1G12820.1	4	574	10	574	692.189	348	438	6	577	587
phytozome-next.jgi.doe.gov/report/protein/Gsoja_v1_1/GlysoPI483463.03G169700.2.p	GlysoPI483463.03G169700.2.p	G.soja v1.1	0	61	573	+/+	AT3G26810.1	4	575	10	577	697.582	348	437	6	575	587
phytozome-next.jgi.doe.gov/report/protein/Gsoja_v1_1/GlysoPI483463.03G169700.2.p	GlysoPI483463.03G169700.2.p	G.soja v1.1	0	79	585	+/+	AT3G62980.1	1	584	1	585	979.548	462	527	1	594	587
phytozome-next.jgi.doe.gov/report/protein/Gsoja_v1_1/GlysoPI483463.03G169700.2.p	GlysoPI483463.03G169700.2.p	G.soja v1.1	0	67	571	+/+	AT4G03190.1	5	574	10	580	772.696	383	457	1	585	587
phytozome-next.jgi.doe.gov/report/protein/Gsoja_v1_1/GlysoPI483463.03G169700.2.p	GlysoPI483463.03G169700.2.p	G.soja v1.1	0	51	565	+/+	AT5G49980.1	56	616	12	574	563.918	288	376	6	619	587
phytozome-next.jgi.doe.gov/report/protein/Gsoja_v1_1/GlysoPI483463.03G169700.3.p	GlysoPI483463.03G169700.3.p	G.soja v1.1	0	61	571	+/+	AT1G12820.1	4	574	10	574	692.189	348	438	6	577	587
phytozome-next.jgi.doe.gov/report/protein/Gsoja_v1_1/GlysoPI483463.03G169700.3.p	GlysoPI483463.03G169700.3.p	G.soja v1.1	0	61	573	+/+	AT3G26810.1	4	575	10	577	697.582	348	437	6	575	587
phytozome-next.jgi.doe.gov/report/protein/Gsoja_v1_1/GlysoPI483463.03G169700.3.p	GlysoPI483463.03G169700.3.p	G.soja v1.1	0	79	585	+/+	AT3G62980.1	1	584	1	585	979.548	462	527	1	594	587
phytozome-next.jgi.doe.gov/report/protein/Gsoja_v1_1/GlysoPI483463.03G169700.3.p	GlysoPI483463.03G169700.3.p	G.soja v1.1	0	67	571	+/+	AT4G03190.1	5	574	10	580	772.696	383	457	1	585	587
phytozome-next.jgi.doe.gov/report/protein/Gsoja_v1_1/GlysoPI483463.03G169700.3.p	GlysoPI483463.03G169700.3.p	G.soja v1.1	0	51	565	+/+	AT5G49980.1	56	616	12	574	563.918	288	376	6	619	587
phytozome-next.jgi.doe.gov/report/protein/Gsoja_v1_1/GlysoPI483463.04G085300.1.p	GlysoPI483463.04G085300.1.p	G.soja v1.1	0	65	580	+/+	AT4G24390.1	49	623	12	582	759.985	378	450	14	623	584
phytozome-next.jgi.doe.gov/report/protein/Gsoja_v1_1/GlysoPI483463.04G085300.1.p	GlysoPI483463.04G085300.1.p	G.soja v1.1	0	69	575	+/+	AT5G49980.1	50	619	13	582	817.379	394	477	10	619	584
phytozome-next.jgi.doe.gov/report/protein/Gsoja_v1_1/GlysoPI483463.06G087000.1.p	GlysoPI483463.06G087000.1.p	G.soja v1.1	0	64	585	+/+	AT4G24390.1	44	623	11	586	766.148	377	455	14	623	588
phytozome-next.jgi.doe.gov/report/protein/Gsoja_v1_1/GlysoPI483463.06G087000.1.p	GlysoPI483463.06G087000.1.p	G.soja v1.1	0	68	575	+/+	AT5G49980.1	50	619	17	586	816.994	390	477	10	619	588
phytozome-next.jgi.doe.gov/report/protein/Gsoja_v1_1/GlysoPI483463.07G156000.1.p	GlysoPI483463.07G156000.1.p	G.soja v1.1	0	53	580	+/+	AT1G12820.1	4	577	16	578	614.379	305	402	23	577	579
phytozome-next.jgi.doe.gov/report/protein/Gsoja_v1_1/GlysoPI483463.07G156000.1.p	GlysoPI483463.07G156000.1.p	G.soja v1.1	0	53	573	+/+	AT3G26810.1	4	575	16	578	610.527	304	402	11	575	579
phytozome-next.jgi.doe.gov/report/protein/Gsoja_v1_1/GlysoPI483463.07G156000.1.p	GlysoPI483463.07G156000.1.p	G.soja v1.1	0	56	566	+/+	AT3G62980.1	8	573	15	575	658.292	315	402	5	594	579
phytozome-next.jgi.doe.gov/report/protein/Gsoja_v1_1/GlysoPI483463.07G156000.1.p	GlysoPI483463.07G156000.1.p	G.soja v1.1	0	52	567	+/+	AT4G03190.1	5	571	16	578	590.882	295	389	4	585	579
phytozome-next.jgi.doe.gov/report/protein/Gsoja_v1_1/GlysoPI483463.07G156000.1.p	GlysoPI483463.07G156000.1.p	G.soja v1.1	0	47	571	+/+	AT4G24390.1	56	623	18	578	538.11	271	369	13	623	579
phytozome-next.jgi.doe.gov/report/protein/Gsoja_v1_1/GlysoPI483463.07G156000.1.p	GlysoPI483463.07G156000.1.p	G.soja v1.1	0	48	575	+/+	AT5G49980.1	46	619	12	578	555.444	278	385	9	619	579
phytozome-next.jgi.doe.gov/report/protein/Gsoja_v1_1/GlysoPI483463.07G156000.2.p	GlysoPI483463.07G156000.2.p	G.soja v1.1	0	53	580	+/+	AT1G12820.1	4	577	16	578	614.379	305	402	23	577	579
phytozome-next.jgi.doe.gov/report/protein/Gsoja_v1_1/GlysoPI483463.07G156000.2.p	GlysoPI483463.07G156000.2.p	G.soja v1.1	0	53	573	+/+	AT3G26810.1	4	575	16	578	610.527	304	402	11	575	579
phytozome-next.jgi.doe.gov/report/protein/Gsoja_v1_1/GlysoPI483463.07G156000.2.p	GlysoPI483463.07G156000.2.p	G.soja v1.1	0	56	566	+/+	AT3G62980.1	8	573	15	575	658.292	315	402	5	594	579
phytozome-next.jgi.doe.gov/report/protein/Gsoja_v1_1/GlysoPI483463.07G156000.2.p	GlysoPI483463.07G156000.2.p	G.soja v1.1	0	52	567	+/+	AT4G03190.1	5	571	16	578	590.882	295	389	4	585	579
phytozome-next.jgi.doe.gov/report/protein/Gsoja_v1_1/GlysoPI483463.07G156000.2.p	GlysoPI483463.07G156000.2.p	G.soja v1.1	0	47	571	+/+	AT4G24390.1	56	623	18	578	538.11	271	369	13	623	579
phytozome-next.jgi.doe.gov/report/protein/Gsoja_v1_1/GlysoPI483463.07G156000.2.p	GlysoPI483463.07G156000.2.p	G.soja v1.1	0	48	575	+/+	AT5G49980.1	46	619	12	578	555.444	278	385	9	619	579
phytozome-next.jgi.doe.gov/report/protein/Gsoja_v1_1/GlysoPI483463.08G055000.1.p	GlysoPI483463.08G055000.1.p	G.soja v1.1	0	52	580	+/+	AT1G12820.1	4	577	17	579	612.838	304	401	23	577	580
phytozome-next.jgi.doe.gov/report/protein/Gsoja_v1_1/GlysoPI483463.08G055000.1.p	GlysoPI483463.08G055000.1.p	G.soja v1.1	0	55	566	+/+	AT3G62980.1	8	573	16	576	654.44	313	400	5	594	580
phytozome-next.jgi.doe.gov/report/protein/Gsoja_v1_1/GlysoPI483463.08G055000.1.p	GlysoPI483463.08G055000.1.p	G.soja v1.1	0	51	567	+/+	AT4G03190.1	5	571	17	579	587.415	291	388	4	585	580
phytozome-next.jgi.doe.gov/report/protein/Gsoja_v1_1/GlysoPI483463.08G055000.1.p	GlysoPI483463.08G055000.1.p	G.soja v1.1	0	48	571	+/+	AT4G24390.1	56	623	19	579	538.495	272	368	13	623	580
phytozome-next.jgi.doe.gov/report/protein/Gsoja_v1_1/GlysoPI483463.08G055000.1.p	GlysoPI483463.08G055000.1.p	G.soja v1.1	0	48	574	+/+	AT5G49980.1	47	619	14	579	554.288	277	382	9	619	580
phytozome-next.jgi.doe.gov/report/protein/Gsoja_v1_1/GlysoPI483463.10G019700.1.p	GlysoPI483463.10G019700.1.p	G.soja v1.1	0	61	575	+/+	AT1G12820.1	1	574	5	573	700.664	350	438	7	577	586
phytozome-next.jgi.doe.gov/report/protein/Gsoja_v1_1/GlysoPI483463.10G019700.1.p	GlysoPI483463.10G019700.1.p	G.soja v1.1	0	60	575	+/+	AT3G26810.1	1	573	5	574	697.582	346	441	7	575	586
phytozome-next.jgi.doe.gov/report/protein/Gsoja_v1_1/GlysoPI483463.10G019700.1.p	GlysoPI483463.10G019700.1.p	G.soja v1.1	0	79	585	+/+	AT3G62980.1	1	585	1	585	1001.5	464	539	0	594	586
phytozome-next.jgi.doe.gov/report/protein/Gsoja_v1_1/GlysoPI483463.10G019700.1.p	GlysoPI483463.10G019700.1.p	G.soja v1.1	0	68	571	+/+	AT4G03190.1	5	574	9	579	793.497	387	477	1	585	586
phytozome-next.jgi.doe.gov/report/protein/Gsoja_v1_1/GlysoPI483463.10G019700.1.p	GlysoPI483463.10G019700.1.p	G.soja v1.1	0	48	567	+/+	AT4G24390.1	56	620	11	573	540.806	274	373	6	623	586
phytozome-next.jgi.doe.gov/report/protein/Gsoja_v1_1/GlysoPI483463.10G019700.1.p	GlysoPI483463.10G019700.1.p	G.soja v1.1	0	51	573	+/+	AT5G49980.1	49	616	8	573	577.785	293	387	12	619	586
phytozome-next.jgi.doe.gov/report/protein/Gsoja_v1_1/GlysoPI483463.11G207200.1.p	GlysoPI483463.11G207200.1.p	G.soja v1.1	0	70	585	+/+	AT2G39940.1	2	585	3	579	828.55	411	480	9	592	591
phytozome-next.jgi.doe.gov/report/protein/Gsoja_v1_1/GlysoPI483463.14G054400.1.p	GlysoPI483463.14G054400.1.p	G.soja v1.1	0	70	588	+/+	AT2G39940.1	1	585	1	580	784.637	414	480	11	592	592
phytozome-next.jgi.doe.gov/report/protein/Gsoja_v1_1/GlysoPI483463.14G141800.1.p	GlysoPI483463.14G141800.1.p	G.soja v1.1	0	68	580	+/+	AT4G24390.1	49	623	55	634	796.964	396	473	5	623	636
phytozome-next.jgi.doe.gov/report/protein/Gsoja_v1_1/GlysoPI483463.14G141800.1.p	GlysoPI483463.14G141800.1.p	G.soja v1.1	0	72	579	+/+	AT5G49980.1	50	619	56	634	846.269	416	495	9	619	636
phytozome-next.jgi.doe.gov/report/protein/Gsoja_v1_1/GlysoPI483463.16G044900.1.p	GlysoPI483463.16G044900.1.p	G.soja v1.1	0	75	577	+/+	AT1G12820.1	1	577	2	572	865.914	430	495	6	577	573
phytozome-next.jgi.doe.gov/report/protein/Gsoja_v1_1/GlysoPI483463.16G044900.1.p	GlysoPI483463.16G044900.1.p	G.soja v1.1	0	75	575	+/+	AT3G26810.1	1	575	2	572	882.093	433	501	4	575	573
phytozome-next.jgi.doe.gov/report/protein/Gsoja_v1_1/GlysoPI483463.16G044900.1.p	GlysoPI483463.16G044900.1.p	G.soja v1.1	0	60	570	+/+	AT3G62980.1	9	576	5	572	702.59	340	436	4	594	573
phytozome-next.jgi.doe.gov/report/protein/Gsoja_v1_1/GlysoPI483463.16G044900.1.p	GlysoPI483463.16G044900.1.p	G.soja v1.1	0	57	570	+/+	AT4G03190.1	5	571	5	572	645.966	325	423	5	585	573
phytozome-next.jgi.doe.gov/report/protein/Gsoja_v1_1/GlysoPI483463.16G044900.1.p	GlysoPI483463.16G044900.1.p	G.soja v1.1	0	49	569	+/+	AT4G24390.1	56	623	7	572	535.028	280	376	4	623	573
phytozome-next.jgi.doe.gov/report/protein/Gsoja_v1_1/GlysoPI483463.16G044900.1.p	GlysoPI483463.16G044900.1.p	G.soja v1.1	0	50	575	+/+	AT5G49980.1	50	619	5	572	565.074	287	389	12	619	573
phytozome-next.jgi.doe.gov/report/protein/Gsoja_v1_1/GlysoPI483463.16G116100.1.p	GlysoPI483463.16G116100.1.p	G.soja v1.1	0	68	577	+/+	AT1G12820.1	1	577	1	573	781.171	395	461	4	577	574
phytozome-next.jgi.doe.gov/report/protein/Gsoja_v1_1/GlysoPI483463.16G116100.1.p	GlysoPI483463.16G116100.1.p	G.soja v1.1	0	70	576	+/+	AT3G26810.1	1	575	1	573	807.749	406	471	4	575	574
phytozome-next.jgi.doe.gov/report/protein/Gsoja_v1_1/GlysoPI483463.16G116100.1.p	GlysoPI483463.16G116100.1.p	G.soja v1.1	0	57	570	+/+	AT3G62980.1	9	576	4	573	662.529	324	421	2	594	574
phytozome-next.jgi.doe.gov/report/protein/Gsoja_v1_1/GlysoPI483463.16G116100.1.p	GlysoPI483463.16G116100.1.p	G.soja v1.1	0	53	570	+/+	AT4G03190.1	5	571	4	573	597.045	301	398	3	585	574
phytozome-next.jgi.doe.gov/report/protein/Gsoja_v1_1/GlysoPI483463.18G028200.1.p	GlysoPI483463.18G028200.1.p	G.soja v1.1	0	71	571	+/+	AT2G39940.1	16	585	12	579	821.231	406	471	4	592	591
phytozome-next.jgi.doe.gov/report/protein/Gsoja_v1_1/GlysoPI483463.19G072100.1.p	GlysoPI483463.19G072100.1.p	G.soja v1.1	0	75	577	+/+	AT1G12820.1	1	577	2	572	871.307	432	494	6	577	573
phytozome-next.jgi.doe.gov/report/protein/Gsoja_v1_1/GlysoPI483463.19G072100.1.p	GlysoPI483463.19G072100.1.p	G.soja v1.1	0	76	575	+/+	AT3G26810.1	1	575	2	572	894.034	439	500	4	575	573
phytozome-next.jgi.doe.gov/report/protein/Gsoja_v1_1/GlysoPI483463.19G072100.1.p	GlysoPI483463.19G072100.1.p	G.soja v1.1	0	61	570	+/+	AT3G62980.1	9	576	5	572	712.99	346	437	4	594	573
phytozome-next.jgi.doe.gov/report/protein/Gsoja_v1_1/GlysoPI483463.19G072100.1.p	GlysoPI483463.19G072100.1.p	G.soja v1.1	0	57	570	+/+	AT4G03190.1	5	571	5	572	652.514	327	421	5	585	573
phytozome-next.jgi.doe.gov/report/protein/Gsoja_v1_1/GlysoPI483463.19G072100.1.p	GlysoPI483463.19G072100.1.p	G.soja v1.1	0	50	569	+/+	AT4G24390.1	56	623	7	572	543.888	282	377	4	623	573
phytozome-next.jgi.doe.gov/report/protein/Gsoja_v1_1/GlysoPI483463.19G072100.1.p	GlysoPI483463.19G072100.1.p	G.soja v1.1	0	50	575	+/+	AT5G49980.1	50	619	5	572	575.089	290	389	12	619	573
phytozome-next.jgi.doe.gov/report/protein/Gsoja_v1_1/GlysoPI483463.19G168300.1.p	GlysoPI483463.19G168300.1.p	G.soja v1.1	0	60	572	+/+	AT1G12820.1	4	574	10	575	682.945	345	437	7	577	588
phytozome-next.jgi.doe.gov/report/protein/Gsoja_v1_1/GlysoPI483463.19G168300.1.p	GlysoPI483463.19G168300.1.p	G.soja v1.1	0	60	574	+/+	AT3G26810.1	4	575	10	578	689.108	347	436	7	575	588
phytozome-next.jgi.doe.gov/report/protein/Gsoja_v1_1/GlysoPI483463.19G168300.1.p	GlysoPI483463.19G168300.1.p	G.soja v1.1	0	79	580	+/+	AT3G62980.1	6	584	7	586	971.459	457	523	1	594	588
phytozome-next.jgi.doe.gov/report/protein/Gsoja_v1_1/GlysoPI483463.19G168300.1.p	GlysoPI483463.19G168300.1.p	G.soja v1.1	0	67	572	+/+	AT4G03190.1	5	574	10	581	769.615	383	459	2	585	588
phytozome-next.jgi.doe.gov/report/protein/Gsoja_v1_1/GlysoPI483463.19G168300.1.p	GlysoPI483463.19G168300.1.p	G.soja v1.1	0	51	566	+/+	AT5G49980.1	56	616	12	575	561.222	290	377	7	619	588
phytozome-next.jgi.doe.gov/report/protein/Ljaponicus_Lj1_0v1/Lj1g0006513.1	Lj1g0006513.1	L.japonicus Lj1.0v1	0	74	574	+/+	AT1G12820.1	1	574	2	569	872.848	422	491	6	577	573
phytozome-next.jgi.doe.gov/report/protein/Ljaponicus_Lj1_0v1/Lj1g0006513.1	Lj1g0006513.1	L.japonicus Lj1.0v1	0	75	575	+/+	AT3G26810.1	1	575	2	572	876.315	429	497	4	575	573
phytozome-next.jgi.doe.gov/report/protein/Ljaponicus_Lj1_0v1/Lj1g0006513.1	Lj1g0006513.1	L.japonicus Lj1.0v1	0	60	567	+/+	AT3G62980.1	9	573	5	569	700.664	339	435	4	594	573
phytozome-next.jgi.doe.gov/report/protein/Ljaponicus_Lj1_0v1/Lj1g0006513.1	Lj1g0006513.1	L.japonicus Lj1.0v1	0	57	570	+/+	AT4G03190.1	5	571	5	572	646.736	323	423	5	585	573
phytozome-next.jgi.doe.gov/report/protein/Ljaponicus_Lj1_0v1/Lj1g0006513.1	Lj1g0006513.1	L.japonicus Lj1.0v1	0	50	569	+/+	AT4G24390.1	56	623	7	572	543.117	282	377	4	623	573
phytozome-next.jgi.doe.gov/report/protein/Ljaponicus_Lj1_0v1/Lj1g0006513.1	Lj1g0006513.1	L.japonicus Lj1.0v1	0	51	575	+/+	AT5G49980.1	50	619	5	572	582.793	295	393	12	619	573
phytozome-next.jgi.doe.gov/report/protein/Ljaponicus_Lj1_0v1/Lj1g0015670.1	Lj1g0015670.1	L.japonicus Lj1.0v1	0	60	571	+/+	AT1G12820.1	4	574	8	572	691.034	342	437	6	577	586
phytozome-next.jgi.doe.gov/report/protein/Ljaponicus_Lj1_0v1/Lj1g0015670.1	Lj1g0015670.1	L.japonicus Lj1.0v1	0	61	571	+/+	AT3G26810.1	4	573	8	573	693.73	346	436	6	575	586
phytozome-next.jgi.doe.gov/report/protein/Ljaponicus_Lj1_0v1/Lj1g0015670.1	Lj1g0015670.1	L.japonicus Lj1.0v1	0	80	583	+/+	AT3G62980.1	3	584	2	584	993.03	468	536	1	594	586
phytozome-next.jgi.doe.gov/report/protein/Ljaponicus_Lj1_0v1/Lj1g0015670.1	Lj1g0015670.1	L.japonicus Lj1.0v1	0	67	575	+/+	AT4G03190.1	1	574	4	578	775.393	384	464	1	585	586
phytozome-next.jgi.doe.gov/report/protein/Ljaponicus_Lj1_0v1/Lj1g0015670.1	Lj1g0015670.1	L.japonicus Lj1.0v1	0	48	570	+/+	AT4G24390.1	56	620	10	572	531.176	272	365	12	623	586
phytozome-next.jgi.doe.gov/report/protein/Ljaponicus_Lj1_0v1/Lj1g0015670.1	Lj1g0015670.1	L.japonicus Lj1.0v1	0	50	565	+/+	AT5G49980.1	56	616	10	572	560.836	285	374	6	619	586
phytozome-next.jgi.doe.gov/report/protein/Ljaponicus_Lj1_0v1/Lj1g0027142.1	Lj1g0027142.1	L.japonicus Lj1.0v1	0	67	576	+/+	AT4G24390.1	51	623	62	630	796.579	387	464	10	623	632
phytozome-next.jgi.doe.gov/report/protein/Ljaponicus_Lj1_0v1/Lj1g0027142.1	Lj1g0027142.1	L.japonicus Lj1.0v1	0	72	573	+/+	AT5G49980.1	50	619	61	630	866.3	414	490	6	619	632
phytozome-next.jgi.doe.gov/report/protein/Ljaponicus_Lj1_0v1/Lj4g0012889.1	Lj4g0012889.1	L.japonicus Lj1.0v1	0	53	572	+/+	AT1G12820.1	4	574	22	583	612.838	303	404	11	577	624
phytozome-next.jgi.doe.gov/report/protein/Ljaponicus_Lj1_0v1/Lj4g0012889.1	Lj4g0012889.1	L.japonicus Lj1.0v1	0	54	575	+/+	AT3G26810.1	4	572	22	583	615.15	311	412	19	575	624
phytozome-next.jgi.doe.gov/report/protein/Ljaponicus_Lj1_0v1/Lj4g0012889.1	Lj4g0012889.1	L.japonicus Lj1.0v1	0	56	570	+/+	AT3G62980.1	6	573	19	583	658.292	322	406	7	594	624
phytozome-next.jgi.doe.gov/report/protein/Ljaponicus_Lj1_0v1/Lj4g0012889.1	Lj4g0012889.1	L.japonicus Lj1.0v1	0	53	576	+/+	AT4G03190.1	5	578	22	592	594.734	304	400	7	585	624
phytozome-next.jgi.doe.gov/report/protein/Ljaponicus_Lj1_0v1/Lj4g0012889.1	Lj4g0012889.1	L.japonicus Lj1.0v1	0	48	581	+/+	AT4G24390.1	42	620	14	583	545.043	280	372	13	623	624
phytozome-next.jgi.doe.gov/report/protein/Ljaponicus_Lj1_0v1/Lj4g0012889.1	Lj4g0012889.1	L.japonicus Lj1.0v1	0	50	569	+/+	AT5G49980.1	50	616	22	583	556.599	283	379	9	619	624
phytozome-next.jgi.doe.gov/report/protein/Ljaponicus_Lj1_0v1/Lj5g0004781.1	Lj5g0004781.1	L.japonicus Lj1.0v1	0	61	571	+/+	AT1G12820.1	4	574	8	572	691.419	346	433	6	577	584
phytozome-next.jgi.doe.gov/report/protein/Ljaponicus_Lj1_0v1/Lj5g0004781.1	Lj5g0004781.1	L.japonicus Lj1.0v1	1.71E-93	32	581	+/+	AT2G39940.1	18	590	10	577	302.368	185	305	21	592	584
phytozome-next.jgi.doe.gov/report/protein/Ljaponicus_Lj1_0v1/Lj5g0004781.1	Lj5g0004781.1	L.japonicus Lj1.0v1	0	59	573	+/+	AT3G26810.1	4	575	8	575	682.174	338	437	6	575	584
phytozome-next.jgi.doe.gov/report/protein/Ljaponicus_Lj1_0v1/Lj5g0004781.1	Lj5g0004781.1	L.japonicus Lj1.0v1	0	78	579	+/+	AT3G62980.1	3	581	2	580	967.992	453	526	0	594	584
phytozome-next.jgi.doe.gov/report/protein/Ljaponicus_Lj1_0v1/Lj5g0004781.1	Lj5g0004781.1	L.japonicus Lj1.0v1	0	66	575	+/+	AT4G03190.1	1	574	4	578	782.326	381	475	1	585	584
phytozome-next.jgi.doe.gov/report/protein/Ljaponicus_Lj1_0v1/Lj5g0004781.1	Lj5g0004781.1	L.japonicus Lj1.0v1	0	48	567	+/+	AT4G24390.1	56	620	10	572	528.48	274	368	6	623	584
phytozome-next.jgi.doe.gov/report/protein/Ljaponicus_Lj1_0v1/Lj5g0004781.1	Lj5g0004781.1	L.japonicus Lj1.0v1	0	51	566	+/+	AT5G49980.1	56	616	10	572	569.311	291	381	8	619	584
phytozome-next.jgi.doe.gov/report/protein/Ljaponicus_Lj1_0v1/Lj6g0020395.1	Lj6g0020395.1	L.japonicus Lj1.0v1	0	67	586	+/+	AT2G39940.1	2	585	8	579	775.393	391	468	16	592	591
phytozome-next.jgi.doe.gov/report/protein/Ljaponicus_Lj1_0v1/LjContig00357g0020173.1	LjContig00357g0020173.1	L.japonicus Lj1.0v1	0	72	570	+/+	AT2G39940.1	17	585	26	590	801.201	410	478	6	592	604
phytozome-next.jgi.doe.gov/report/protein/Mtruncatula_Mt4_0v1/Medtr1g088950.1	Medtr1g088950.1	M.truncatula Mt4.0v1	0	62	571	+/+	AT1G12820.1	4	574	14	578	707.212	352	441	6	577	590
phytozome-next.jgi.doe.gov/report/protein/Mtruncatula_Mt4_0v1/Medtr1g088950.1	Medtr1g088950.1	M.truncatula Mt4.0v1	0	60	573	+/+	AT3G26810.1	4	575	14	581	700.664	343	443	6	575	590
phytozome-next.jgi.doe.gov/report/protein/Mtruncatula_Mt4_0v1/Medtr1g088950.1	Medtr1g088950.1	M.truncatula Mt4.0v1	0	79	582	+/+	AT3G62980.1	2	581	5	586	983.4	460	533	2	594	590
phytozome-next.jgi.doe.gov/report/protein/Mtruncatula_Mt4_0v1/Medtr1g088950.1	Medtr1g088950.1	M.truncatula Mt4.0v1	0	66	571	+/+	AT4G03190.1	5	574	14	584	781.171	379	470	1	585	590
phytozome-next.jgi.doe.gov/report/protein/Mtruncatula_Mt4_0v1/Medtr1g088950.1	Medtr1g088950.1	M.truncatula Mt4.0v1	0	51	575	+/+	AT5G49980.1	47	616	11	578	577.4	295	391	12	619	590
phytozome-next.jgi.doe.gov/report/protein/Mtruncatula_Mt4_0v1/Medtr3g070140.1	Medtr3g070140.1	M.truncatula Mt4.0v1	0	66	589	+/+	AT2G39940.1	7	585	6	590	746.117	387	465	14	592	602
phytozome-next.jgi.doe.gov/report/protein/Mtruncatula_Mt4_0v1/Medtr3g100860.1	Medtr3g100860.1	M.truncatula Mt4.0v1	0	65	582	+/+	AT4G24390.1	51	623	18	593	760.755	379	442	15	623	595
phytozome-next.jgi.doe.gov/report/protein/Mtruncatula_Mt4_0v1/Medtr3g100860.1	Medtr3g100860.1	M.truncatula Mt4.0v1	0	67	578	+/+	AT5G49980.1	51	619	18	593	801.586	390	465	11	619	595
phytozome-next.jgi.doe.gov/report/protein/Mtruncatula_Mt4_0v1/Medtr4g091290.1	Medtr4g091290.1	M.truncatula Mt4.0v1	0	54	574	+/+	AT1G12820.1	4	577	26	588	616.69	308	400	11	577	589
phytozome-next.jgi.doe.gov/report/protein/Mtruncatula_Mt4_0v1/Medtr4g091290.1	Medtr4g091290.1	M.truncatula Mt4.0v1	0	54	573	+/+	AT3G26810.1	4	575	26	588	622.854	310	402	11	575	589
phytozome-next.jgi.doe.gov/report/protein/Mtruncatula_Mt4_0v1/Medtr4g091290.1	Medtr4g091290.1	M.truncatula Mt4.0v1	0	56	565	+/+	AT3G62980.1	9	573	26	585	654.055	319	399	5	594	589
phytozome-next.jgi.doe.gov/report/protein/Mtruncatula_Mt4_0v1/Medtr4g091290.1	Medtr4g091290.1	M.truncatula Mt4.0v1	0	53	567	+/+	AT4G03190.1	5	571	26	588	598.971	299	393	4	585	589
phytozome-next.jgi.doe.gov/report/protein/Mtruncatula_Mt4_0v1/Medtr4g091290.1	Medtr4g091290.1	M.truncatula Mt4.0v1	0	50	571	+/+	AT4G24390.1	56	623	28	588	563.918	288	371	13	623	589
phytozome-next.jgi.doe.gov/report/protein/Mtruncatula_Mt4_0v1/Medtr4g091290.1	Medtr4g091290.1	M.truncatula Mt4.0v1	0	51	571	+/+	AT5G49980.1	50	619	26	588	573.163	292	382	9	619	589
phytozome-next.jgi.doe.gov/report/protein/Mtruncatula_Mt4_0v1/Medtr5g065490.1	Medtr5g065490.1	M.truncatula Mt4.0v1	0	67	583	+/+	AT4G24390.1	46	623	43	616	806.209	391	471	14	623	618
phytozome-next.jgi.doe.gov/report/protein/Mtruncatula_Mt4_0v1/Medtr5g065490.1	Medtr5g065490.1	M.truncatula Mt4.0v1	0	71	578	+/+	AT5G49980.1	46	619	43	616	858.21	410	492	8	619	618
phytozome-next.jgi.doe.gov/report/protein/Mtruncatula_Mt4_0v1/Medtr5g081870.1	Medtr5g081870.1	M.truncatula Mt4.0v1	0	70	591	+/+	AT2G39940.1	1	588	1	582	832.787	416	485	12	592	594
phytozome-next.jgi.doe.gov/report/protein/Mtruncatula_Mt4_0v1/Medtr7g083610.1	Medtr7g083610.1	M.truncatula Mt4.0v1	0	74	577	+/+	AT1G12820.1	1	577	1	571	870.152	427	496	6	577	572
phytozome-next.jgi.doe.gov/report/protein/Mtruncatula_Mt4_0v1/Medtr7g083610.1	Medtr7g083610.1	M.truncatula Mt4.0v1	0	75	576	+/+	AT3G26810.1	1	575	1	571	881.708	432	500	6	575	572
phytozome-next.jgi.doe.gov/report/protein/Mtruncatula_Mt4_0v1/Medtr7g083610.1	Medtr7g083610.1	M.truncatula Mt4.0v1	0	60	570	+/+	AT3G62980.1	9	576	4	571	715.301	340	439	4	594	572
phytozome-next.jgi.doe.gov/report/protein/Mtruncatula_Mt4_0v1/Medtr7g083610.1	Medtr7g083610.1	M.truncatula Mt4.0v1	0	56	570	+/+	AT4G03190.1	5	571	4	571	650.973	321	418	5	585	572
phytozome-next.jgi.doe.gov/report/protein/Mtruncatula_Mt4_0v1/Medtr7g083610.1	Medtr7g083610.1	M.truncatula Mt4.0v1	0	50	569	+/+	AT4G24390.1	56	623	6	571	542.347	285	372	4	623	572
phytozome-next.jgi.doe.gov/report/protein/Mtruncatula_Mt4_0v1/Medtr7g083610.1	Medtr7g083610.1	M.truncatula Mt4.0v1	0	51	576	+/+	AT5G49980.1	50	619	4	571	571.622	293	387	14	619	572
phytozome-next.jgi.doe.gov/report/protein/Mtruncatula_Mt4_0v1/Medtr8g098695.1	Medtr8g098695.1	M.truncatula Mt4.0v1	0	55	575	+/+	AT3G26810.1	6	575	9	573	625.165	315	403	15	575	574
phytozome-next.jgi.doe.gov/report/protein/Mtruncatula_Mt4_0v1/Medtr8g098695.1	Medtr8g098695.1	M.truncatula Mt4.0v1	0	54	572	+/+	AT4G03190.1	4	571	6	573	608.216	307	397	8	585	574
phytozome-next.jgi.doe.gov/report/protein/Mtruncatula_Mt4_0v1/Medtr8g098695.1	Medtr8g098695.1	M.truncatula Mt4.0v1	0	50	575	+/+	AT4G24390.1	56	623	9	573	552.362	285	373	17	623	574
phytozome-next.jgi.doe.gov/report/protein/Mtruncatula_Mt4_0v1/Medtr8g098695.1	Medtr8g098695.1	M.truncatula Mt4.0v1	0	50	569	+/+	AT5G49980.1	56	619	9	573	558.14	284	380	9	619	574
phytozome-next.jgi.doe.gov/report/protein/Mtruncatula_Mt4_0v1/Medtr8g098695.2	Medtr8g098695.2	M.truncatula Mt4.0v1	0	55	575	+/+	AT3G26810.1	6	575	9	573	625.165	315	403	15	575	574
phytozome-next.jgi.doe.gov/report/protein/Mtruncatula_Mt4_0v1/Medtr8g098695.2	Medtr8g098695.2	M.truncatula Mt4.0v1	0	55	570	+/+	AT3G62980.1	11	576	9	573	648.277	316	400	9	594	574
phytozome-next.jgi.doe.gov/report/protein/Mtruncatula_Mt4_0v1/Medtr8g098695.2	Medtr8g098695.2	M.truncatula Mt4.0v1	0	54	572	+/+	AT4G03190.1	4	571	6	573	608.216	307	397	8	585	574
phytozome-next.jgi.doe.gov/report/protein/Mtruncatula_Mt4_0v1/Medtr8g098695.2	Medtr8g098695.2	M.truncatula Mt4.0v1	0	50	575	+/+	AT4G24390.1	56	623	9	573	552.362	285	373	17	623	574
phytozome-next.jgi.doe.gov/report/protein/Mtruncatula_Mt4_0v1/Medtr8g098695.2	Medtr8g098695.2	M.truncatula Mt4.0v1	0	50	569	+/+	AT5G49980.1	56	619	9	573	558.14	284	380	9	619	574